,LapNumber,LapTime,TyreLife,TrackTemp,Compound,Year,Stint
0,2.0,69.911,4.0,47.4,SOFT,2018,1
1,3.0,69.816,5.0,47.4,SOFT,2018,1
2,4.0,69.706,6.0,47.3,SOFT,2018,1
3,5.0,69.728,7.0,46.9,SOFT,2018,1
4,6.0,69.617,8.0,46.9,SOFT,2018,1
5,7.0,69.405,9.0,47.1,SOFT,2018,1
6,8.0,69.401,10.0,47.1,SOFT,2018,1
7,9.0,69.263,11.0,47.2,SOFT,2018,1
8,10.0,69.32,12.0,47.2,SOFT,2018,1
9,11.0,69.299,13.0,47.0,SOFT,2018,1
10,12.0,69.306,14.0,46.9,SOFT,2018,1
11,13.0,69.785,15.0,46.9,SOFT,2018,1
12,14.0,69.133,16.0,47.0,SOFT,2018,1
13,15.0,87.553,17.0,46.6,SOFT,2018,1
14,16.0,93.857,1.0,46.7,SOFT,2018,2
15,17.0,68.687,2.0,46.6,SOFT,2018,2
16,18.0,68.682,3.0,46.7,SOFT,2018,2
17,19.0,68.736,4.0,46.7,SOFT,2018,2
18,20.0,69.037,5.0,46.7,SOFT,2018,2
19,21.0,68.445,6.0,46.6,SOFT,2018,2
20,22.0,68.557,7.0,46.4,SOFT,2018,2
21,23.0,68.451,8.0,45.3,SOFT,2018,2
22,24.0,68.429,9.0,44.6,SOFT,2018,2
23,25.0,68.365,10.0,45.1,SOFT,2018,2
24,26.0,68.509,11.0,45.2,SOFT,2018,2
25,27.0,68.351,12.0,45.2,SOFT,2018,2
26,28.0,68.461,13.0,45.4,SOFT,2018,2
27,29.0,68.784,14.0,45.5,SOFT,2018,2
28,30.0,68.376,15.0,45.4,SOFT,2018,2
29,31.0,68.302,16.0,45.5,SOFT,2018,2
30,32.0,68.417,17.0,46.1,SOFT,2018,2
31,33.0,68.475,18.0,46.1,SOFT,2018,2
32,34.0,68.689,19.0,45.7,SOFT,2018,2
33,35.0,68.594,20.0,45.7,SOFT,2018,2
34,36.0,68.428,21.0,45.7,SOFT,2018,2
35,37.0,68.912,22.0,45.7,SOFT,2018,2
36,38.0,68.815,23.0,45.6,SOFT,2018,2
37,39.0,68.566,24.0,45.9,SOFT,2018,2
38,40.0,68.719,25.0,46.0,SOFT,2018,2
39,41.0,68.713,26.0,46.1,SOFT,2018,2
40,42.0,68.471,27.0,46.0,SOFT,2018,2
41,43.0,68.558,28.0,45.2,SOFT,2018,2
42,44.0,68.873,29.0,45.0,SOFT,2018,2
43,45.0,68.371,30.0,45.4,SOFT,2018,2
44,46.0,68.134,31.0,45.0,SOFT,2018,2
45,47.0,68.181,32.0,45.1,SOFT,2018,2
46,48.0,68.384,33.0,45.2,SOFT,2018,2
47,49.0,68.203,34.0,45.2,SOFT,2018,2
48,50.0,68.265,35.0,45.2,SOFT,2018,2
49,51.0,68.037,36.0,44.9,SOFT,2018,2
50,52.0,67.999,37.0,44.8,SOFT,2018,2
51,53.0,68.212,38.0,45.1,SOFT,2018,2
52,54.0,68.415,39.0,45.2,SOFT,2018,2
53,55.0,68.291,40.0,45.3,SOFT,2018,2
54,56.0,68.087,41.0,45.4,SOFT,2018,2
55,57.0,68.055,42.0,45.0,SOFT,2018,2
56,58.0,67.941,43.0,44.8,SOFT,2018,2
57,59.0,67.825,44.0,44.8,SOFT,2018,2
58,60.0,67.703,45.0,44.9,SOFT,2018,2
59,61.0,67.925,46.0,44.9,SOFT,2018,2
60,62.0,67.861,47.0,44.8,SOFT,2018,2
61,63.0,67.828,48.0,44.8,SOFT,2018,2
62,64.0,68.359,49.0,44.6,SOFT,2018,2
63,65.0,68.042,50.0,44.6,SOFT,2018,2
64,66.0,67.634,51.0,44.6,SOFT,2018,2
65,67.0,67.558,52.0,44.5,SOFT,2018,2
66,68.0,67.469,53.0,44.4,SOFT,2018,2
67,69.0,67.449,54.0,44.9,SOFT,2018,2
68,70.0,67.442,55.0,44.9,SOFT,2018,2
69,71.0,67.623,56.0,44.6,SOFT,2018,2
70,1.0,76.629,4.0,51.2,MEDIUM,2019,1
71,2.0,71.495,5.0,51.0,MEDIUM,2019,1
72,3.0,70.999,6.0,51.3,MEDIUM,2019,1
73,4.0,71.1,7.0,51.3,MEDIUM,2019,1
74,5.0,70.839,8.0,51.2,MEDIUM,2019,1
75,6.0,70.436,9.0,51.4,MEDIUM,2019,1
76,7.0,69.743,10.0,51.3,MEDIUM,2019,1
77,8.0,70.574,11.0,51.1,MEDIUM,2019,1
78,9.0,69.944,12.0,51.1,MEDIUM,2019,1
79,10.0,69.871,13.0,51.1,MEDIUM,2019,1
80,11.0,69.612,14.0,51.1,MEDIUM,2019,1
81,12.0,69.564,15.0,51.0,MEDIUM,2019,1
82,13.0,69.744,16.0,50.8,MEDIUM,2019,1
83,14.0,69.7,17.0,50.8,MEDIUM,2019,1
84,15.0,69.614,18.0,50.8,MEDIUM,2019,1
85,16.0,69.252,19.0,50.7,MEDIUM,2019,1
86,17.0,69.304,20.0,50.7,MEDIUM,2019,1
87,18.0,69.217,21.0,50.7,MEDIUM,2019,1
88,19.0,69.234,22.0,50.8,MEDIUM,2019,1
89,20.0,69.273,23.0,50.7,MEDIUM,2019,1
90,21.0,69.346,24.0,50.7,MEDIUM,2019,1
91,22.0,69.187,25.0,50.5,MEDIUM,2019,1
92,23.0,69.41,26.0,50.5,MEDIUM,2019,1
93,24.0,69.16,27.0,50.5,MEDIUM,2019,1
94,25.0,69.266,28.0,50.5,MEDIUM,2019,1
95,26.0,69.229,29.0,50.9,MEDIUM,2019,1
96,27.0,69.144,30.0,50.9,MEDIUM,2019,1
97,28.0,69.148,31.0,50.9,MEDIUM,2019,1
98,29.0,69.35,32.0,51.0,MEDIUM,2019,1
99,30.0,69.468,33.0,51.0,MEDIUM,2019,1
100,31.0,72.701,34.0,51.0,MEDIUM,2019,1
101,32.0,85.521,1.0,50.9,HARD,2019,2
102,33.0,68.783,2.0,50.9,HARD,2019,2
103,34.0,68.717,3.0,50.8,HARD,2019,2
104,35.0,68.709,4.0,50.6,HARD,2019,2
105,36.0,68.655,5.0,50.6,HARD,2019,2
106,37.0,68.617,6.0,50.5,HARD,2019,2
107,38.0,68.502,7.0,50.3,HARD,2019,2
108,39.0,68.373,8.0,50.3,HARD,2019,2
109,40.0,68.512,9.0,50.3,HARD,2019,2
110,41.0,68.646,10.0,50.3,HARD,2019,2
111,42.0,68.659,11.0,50.3,HARD,2019,2
112,43.0,68.317,12.0,50.3,HARD,2019,2
113,44.0,68.165,13.0,50.4,HARD,2019,2
114,45.0,68.265,14.0,50.5,HARD,2019,2
115,46.0,68.432,15.0,50.3,HARD,2019,2
116,47.0,68.751,16.0,50.2,HARD,2019,2
117,48.0,69.022,17.0,50.2,HARD,2019,2
118,49.0,68.927,18.0,50.2,HARD,2019,2
119,50.0,67.844,19.0,50.2,HARD,2019,2
120,51.0,68.236,20.0,50.0,HARD,2019,2
121,52.0,68.413,21.0,50.0,HARD,2019,2
122,53.0,68.474,22.0,50.0,HARD,2019,2
123,54.0,68.283,23.0,50.1,HARD,2019,2
124,55.0,69.005,24.0,50.1,HARD,2019,2
125,56.0,67.93,25.0,49.9,HARD,2019,2
126,57.0,68.279,26.0,49.8,HARD,2019,2
127,58.0,67.766,27.0,49.8,HARD,2019,2
128,59.0,68.079,28.0,49.8,HARD,2019,2
129,60.0,67.475,29.0,49.7,HARD,2019,2
130,61.0,67.75,30.0,49.7,HARD,2019,2
131,62.0,67.784,31.0,49.7,HARD,2019,2
132,63.0,67.874,32.0,49.7,HARD,2019,2
133,64.0,67.592,33.0,49.7,HARD,2019,2
134,65.0,67.605,34.0,49.6,HARD,2019,2
135,66.0,67.911,35.0,49.6,HARD,2019,2
136,67.0,68.981,36.0,49.6,HARD,2019,2
137,68.0,69.276,37.0,49.5,HARD,2019,2
138,69.0,68.176,38.0,49.5,HARD,2019,2
139,70.0,67.944,39.0,49.3,HARD,2019,2
140,71.0,68.019,40.0,49.3,HARD,2019,2
141,1.0,73.501,6.0,54.1,MEDIUM,2020,1
142,2.0,69.859,7.0,54.1,MEDIUM,2020,1
143,3.0,69.38,8.0,54.0,MEDIUM,2020,1
144,4.0,69.428,9.0,54.1,MEDIUM,2020,1
145,5.0,69.351,10.0,54.7,MEDIUM,2020,1
146,6.0,69.469,11.0,53.6,MEDIUM,2020,1
147,7.0,69.577,12.0,53.4,MEDIUM,2020,1
148,8.0,69.538,13.0,53.2,MEDIUM,2020,1
149,9.0,69.459,14.0,53.5,MEDIUM,2020,1
150,10.0,138.665,15.0,53.5,MEDIUM,2020,1
151,1.0,87.835,4.0,33.9,MEDIUM,2021,1
152,2.0,112.329,5.0,34.2,MEDIUM,2021,1
153,3.0,116.564,6.0,34.9,MEDIUM,2021,1
154,4.0,69.799,7.0,34.4,MEDIUM,2021,1
155,5.0,69.735,8.0,34.7,MEDIUM,2021,1
156,6.0,69.451,9.0,34.6,MEDIUM,2021,1
157,7.0,69.282,10.0,34.6,MEDIUM,2021,1
158,8.0,69.327,11.0,34.4,MEDIUM,2021,1
159,9.0,69.218,12.0,34.7,MEDIUM,2021,1
160,10.0,69.091,13.0,34.7,MEDIUM,2021,1
161,11.0,69.132,14.0,34.7,MEDIUM,2021,1
162,12.0,69.145,15.0,34.7,MEDIUM,2021,1
163,13.0,69.126,16.0,34.7,MEDIUM,2021,1
164,14.0,69.1,17.0,34.5,MEDIUM,2021,1
165,15.0,69.074,18.0,34.2,MEDIUM,2021,1
166,16.0,69.07,19.0,34.5,MEDIUM,2021,1
167,17.0,69.071,20.0,35.6,MEDIUM,2021,1
168,18.0,69.206,21.0,35.9,MEDIUM,2021,1
169,19.0,69.274,22.0,36.3,MEDIUM,2021,1
170,20.0,69.355,23.0,36.7,MEDIUM,2021,1
171,21.0,69.252,24.0,35.4,MEDIUM,2021,1
172,22.0,69.328,25.0,35.1,MEDIUM,2021,1
173,23.0,69.494,26.0,35.1,MEDIUM,2021,1
174,24.0,69.5,27.0,35.1,MEDIUM,2021,1
175,25.0,68.882,28.0,34.7,MEDIUM,2021,1
176,26.0,69.611,29.0,34.7,MEDIUM,2021,1
177,27.0,69.323,30.0,35.0,MEDIUM,2021,1
178,28.0,69.304,31.0,35.1,MEDIUM,2021,1
179,29.0,69.498,32.0,34.9,MEDIUM,2021,1
180,30.0,69.515,33.0,34.8,MEDIUM,2021,1
181,31.0,69.63,34.0,34.9,MEDIUM,2021,1
182,32.0,73.134,35.0,35.0,MEDIUM,2021,1
183,33.0,85.451,1.0,34.7,HARD,2021,2
184,34.0,68.473,2.0,35.1,HARD,2021,2
185,35.0,68.728,3.0,35.1,HARD,2021,2
186,36.0,68.769,4.0,34.7,HARD,2021,2
187,37.0,68.904,5.0,34.8,HARD,2021,2
188,38.0,68.714,6.0,34.9,HARD,2021,2
189,39.0,68.641,7.0,34.8,HARD,2021,2
190,40.0,69.147,8.0,34.6,HARD,2021,2
191,41.0,68.887,9.0,34.5,HARD,2021,2
192,42.0,68.822,10.0,34.3,HARD,2021,2
193,43.0,68.887,11.0,33.8,HARD,2021,2
194,44.0,68.88,12.0,34.2,HARD,2021,2
195,45.0,69.429,13.0,34.2,HARD,2021,2
196,46.0,68.833,14.0,34.0,HARD,2021,2
197,47.0,68.81,15.0,34.2,HARD,2021,2
198,48.0,68.86,16.0,34.2,HARD,2021,2
199,49.0,68.769,17.0,34.2,HARD,2021,2
200,50.0,68.61,18.0,34.2,HARD,2021,2
201,51.0,68.439,19.0,34.2,HARD,2021,2
202,52.0,68.489,20.0,34.2,HARD,2021,2
203,53.0,68.173,21.0,34.2,HARD,2021,2
204,54.0,68.237,22.0,34.6,HARD,2021,2
205,55.0,68.147,23.0,34.6,HARD,2021,2
206,56.0,68.012,24.0,34.8,HARD,2021,2
207,57.0,67.992,25.0,34.6,HARD,2021,2
208,58.0,67.835,26.0,34.2,HARD,2021,2
209,59.0,68.106,27.0,33.8,HARD,2021,2
210,60.0,71.722,28.0,33.9,HARD,2021,2
211,61.0,85.09,1.0,33.9,HARD,2021,3
212,62.0,66.2,2.0,33.8,HARD,2021,3
213,63.0,68.549,3.0,34.0,HARD,2021,3
214,64.0,68.172,4.0,34.1,HARD,2021,3
215,65.0,67.947,5.0,34.1,HARD,2021,3
216,66.0,67.95,6.0,34.1,HARD,2021,3
217,67.0,67.78,7.0,34.4,HARD,2021,3
218,68.0,67.975,8.0,34.5,HARD,2021,3
219,69.0,67.86,9.0,34.5,HARD,2021,3
220,70.0,67.862,10.0,34.7,HARD,2021,3
221,71.0,67.737,11.0,34.8,HARD,2021,3
222,1.0,72.722,1.0,30.3,MEDIUM,2022,1
223,2.0,70.373,2.0,30.3,MEDIUM,2022,1
224,3.0,70.165,3.0,30.3,MEDIUM,2022,1
225,4.0,70.128,4.0,30.4,MEDIUM,2022,1
226,5.0,70.26,5.0,30.2,MEDIUM,2022,1
227,6.0,70.357,6.0,29.9,MEDIUM,2022,1
228,7.0,70.559,7.0,29.9,MEDIUM,2022,1
229,8.0,70.763,8.0,29.4,MEDIUM,2022,1
230,9.0,70.847,9.0,29.6,MEDIUM,2022,1
231,10.0,71.396,10.0,30.4,MEDIUM,2022,1
232,11.0,70.918,11.0,30.8,MEDIUM,2022,1
233,12.0,71.912,12.0,29.8,MEDIUM,2022,1
234,13.0,74.194,13.0,29.8,MEDIUM,2022,1
235,14.0,87.886,1.0,29.5,HARD,2022,2
236,15.0,70.365,2.0,29.1,HARD,2022,2
237,16.0,70.024,3.0,29.0,HARD,2022,2
238,17.0,70.361,4.0,29.0,HARD,2022,2
239,18.0,70.46,5.0,28.8,HARD,2022,2
240,19.0,69.895,6.0,28.5,HARD,2022,2
241,20.0,69.895,7.0,28.5,HARD,2022,2
242,21.0,69.936,8.0,28.8,HARD,2022,2
243,22.0,69.846,9.0,28.8,HARD,2022,2
244,23.0,70.103,10.0,29.3,HARD,2022,2
245,24.0,70.457,11.0,29.8,HARD,2022,2
246,25.0,70.715,12.0,29.8,HARD,2022,2
247,26.0,70.312,13.0,29.4,HARD,2022,2
248,27.0,70.355,14.0,29.9,HARD,2022,2
249,28.0,70.572,15.0,30.4,HARD,2022,2
250,29.0,70.485,16.0,30.4,HARD,2022,2
251,30.0,70.609,17.0,31.1,HARD,2022,2
252,31.0,70.897,18.0,31.6,HARD,2022,2
253,32.0,71.073,19.0,31.2,HARD,2022,2
254,33.0,71.636,20.0,31.2,HARD,2022,2
255,34.0,71.19,21.0,31.9,HARD,2022,2
256,35.0,71.173,22.0,32.3,HARD,2022,2
257,36.0,74.594,23.0,32.9,HARD,2022,2
258,37.0,86.913,1.0,33.6,HARD,2022,3
259,38.0,69.226,2.0,33.6,HARD,2022,3
260,39.0,69.636,3.0,33.6,HARD,2022,3
261,40.0,69.809,4.0,33.2,HARD,2022,3
262,41.0,69.971,5.0,33.2,HARD,2022,3
263,42.0,69.84,6.0,33.1,HARD,2022,3
264,43.0,69.863,7.0,33.5,HARD,2022,3
265,44.0,69.642,8.0,33.8,HARD,2022,3
266,45.0,69.766,9.0,34.3,HARD,2022,3
267,46.0,70.104,10.0,34.3,HARD,2022,3
268,47.0,69.989,11.0,34.3,HARD,2022,3
269,48.0,70.17,12.0,34.1,HARD,2022,3
270,49.0,70.244,13.0,34.3,HARD,2022,3
271,50.0,70.347,14.0,34.4,HARD,2022,3
272,51.0,70.232,15.0,34.4,HARD,2022,3
273,52.0,70.193,16.0,34.0,HARD,2022,3
274,53.0,70.828,17.0,33.8,HARD,2022,3
275,54.0,70.265,18.0,32.6,HARD,2022,3
276,55.0,70.109,19.0,32.3,HARD,2022,3
277,56.0,69.733,20.0,31.9,HARD,2022,3
278,57.0,69.843,21.0,31.8,HARD,2022,3
279,58.0,84.577,22.0,31.7,HARD,2022,3
280,1.0,77.639,1.0,32.0,MEDIUM,2023,1
281,2.0,115.479,2.0,32.1,MEDIUM,2023,1
282,3.0,124.721,3.0,33.0,MEDIUM,2023,1
283,4.0,69.691,4.0,34.3,MEDIUM,2023,1
284,5.0,70.026,5.0,34.3,MEDIUM,2023,1
285,6.0,70.156,6.0,33.8,MEDIUM,2023,1
286,7.0,70.168,7.0,33.6,MEDIUM,2023,1
287,8.0,69.967,8.0,33.4,MEDIUM,2023,1
288,9.0,69.989,9.0,33.6,MEDIUM,2023,1
289,10.0,69.856,10.0,34.0,MEDIUM,2023,1
290,11.0,70.051,11.0,34.1,MEDIUM,2023,1
291,12.0,69.833,12.0,34.1,MEDIUM,2023,1
292,13.0,70.196,13.0,34.2,MEDIUM,2023,1
293,14.0,73.573,14.0,34.5,MEDIUM,2023,1
294,15.0,93.592,15.0,34.4,MEDIUM,2023,1
295,16.0,79.611,16.0,34.1,MEDIUM,2023,1
296,17.0,69.924,17.0,34.0,MEDIUM,2023,1
297,18.0,70.002,18.0,32.6,MEDIUM,2023,1
298,19.0,69.942,19.0,32.7,MEDIUM,2023,1
299,20.0,70.16,20.0,32.4,MEDIUM,2023,1
300,21.0,70.142,21.0,32.8,MEDIUM,2023,1
301,22.0,70.337,22.0,32.8,MEDIUM,2023,1
302,23.0,70.396,23.0,32.5,MEDIUM,2023,1
303,24.0,73.519,24.0,32.6,MEDIUM,2023,1
304,25.0,86.769,1.0,32.5,HARD,2023,2
305,26.0,68.929,2.0,32.5,HARD,2023,2
306,27.0,69.245,3.0,32.5,HARD,2023,2
307,28.0,69.251,4.0,32.1,HARD,2023,2
308,29.0,69.289,5.0,31.5,HARD,2023,2
309,30.0,69.373,6.0,31.9,HARD,2023,2
310,31.0,69.576,7.0,32.2,HARD,2023,2
311,32.0,69.603,8.0,32.2,HARD,2023,2
312,33.0,69.631,9.0,32.1,HARD,2023,2
313,34.0,69.779,10.0,31.9,HARD,2023,2
314,35.0,69.265,11.0,31.7,HARD,2023,2
315,36.0,69.367,12.0,31.7,HARD,2023,2
316,37.0,69.707,13.0,31.5,HARD,2023,2
317,38.0,69.568,14.0,31.4,HARD,2023,2
318,39.0,69.386,15.0,31.4,HARD,2023,2
319,40.0,69.431,16.0,31.3,HARD,2023,2
320,41.0,69.527,17.0,31.3,HARD,2023,2
321,42.0,69.511,18.0,31.2,HARD,2023,2
322,43.0,69.592,19.0,31.0,HARD,2023,2
323,44.0,69.678,20.0,31.0,HARD,2023,2
324,45.0,69.651,21.0,30.7,HARD,2023,2
325,46.0,69.563,22.0,30.7,HARD,2023,2
326,47.0,69.451,23.0,31.0,HARD,2023,2
327,48.0,69.419,24.0,31.5,HARD,2023,2
328,49.0,73.176,25.0,31.6,HARD,2023,2
329,50.0,86.268,1.0,31.7,MEDIUM,2023,3
330,51.0,68.15,2.0,31.5,MEDIUM,2023,3
331,52.0,68.342,3.0,31.5,MEDIUM,2023,3
332,53.0,68.235,4.0,31.1,MEDIUM,2023,3
333,54.0,68.25,5.0,31.1,MEDIUM,2023,3
334,55.0,68.273,6.0,31.1,MEDIUM,2023,3
335,56.0,68.35,7.0,31.1,MEDIUM,2023,3
336,57.0,68.412,8.0,31.1,MEDIUM,2023,3
337,58.0,68.489,9.0,31.1,MEDIUM,2023,3
338,59.0,68.609,10.0,31.5,MEDIUM,2023,3
339,60.0,68.535,11.0,31.6,MEDIUM,2023,3
340,61.0,68.485,12.0,31.8,MEDIUM,2023,3
341,62.0,68.567,13.0,31.8,MEDIUM,2023,3
342,63.0,68.624,14.0,31.8,MEDIUM,2023,3
343,64.0,68.692,15.0,32.1,MEDIUM,2023,3
344,65.0,68.878,16.0,32.1,MEDIUM,2023,3
345,66.0,68.601,17.0,32.0,MEDIUM,2023,3
346,67.0,68.854,18.0,31.4,MEDIUM,2023,3
347,68.0,69.216,19.0,31.4,MEDIUM,2023,3
348,69.0,72.228,20.0,31.3,MEDIUM,2023,3
349,70.0,87.83,4.0,31.1,SOFT,2023,4
350,71.0,67.012,5.0,31.5,SOFT,2023,4
351,1.0,72.05,1.0,47.2,MEDIUM,2024,1
352,2.0,69.938,2.0,47.3,MEDIUM,2024,1
353,3.0,69.857,3.0,48.1,MEDIUM,2024,1
354,4.0,69.903,4.0,48.1,MEDIUM,2024,1
355,5.0,70.005,5.0,48.2,MEDIUM,2024,1
356,6.0,70.238,6.0,48.2,MEDIUM,2024,1
357,7.0,70.22,7.0,48.4,MEDIUM,2024,1
358,8.0,70.331,8.0,48.6,MEDIUM,2024,1
359,9.0,70.6,9.0,48.7,MEDIUM,2024,1
360,10.0,70.596,10.0,48.7,MEDIUM,2024,1
361,11.0,70.562,11.0,49.0,MEDIUM,2024,1
362,12.0,70.512,12.0,48.7,MEDIUM,2024,1
363,13.0,70.955,13.0,48.2,MEDIUM,2024,1
364,14.0,70.707,14.0,48.0,MEDIUM,2024,1
365,15.0,71.028,15.0,48.6,MEDIUM,2024,1
366,16.0,70.957,16.0,48.2,MEDIUM,2024,1
367,17.0,70.981,17.0,48.1,MEDIUM,2024,1
368,18.0,71.364,18.0,48.0,MEDIUM,2024,1
369,19.0,71.515,19.0,47.8,MEDIUM,2024,1
370,20.0,71.548,20.0,47.8,MEDIUM,2024,1
371,21.0,71.3,21.0,48.3,MEDIUM,2024,1
372,22.0,71.549,22.0,48.3,MEDIUM,2024,1
373,23.0,74.679,23.0,48.2,MEDIUM,2024,1
374,24.0,87.394,1.0,47.3,HARD,2024,2
375,25.0,69.766,2.0,47.3,HARD,2024,2
376,26.0,69.506,3.0,46.9,HARD,2024,2
377,27.0,69.451,4.0,47.1,HARD,2024,2
378,28.0,69.581,5.0,46.5,HARD,2024,2
379,29.0,69.696,6.0,46.5,HARD,2024,2
380,30.0,69.661,7.0,45.0,HARD,2024,2
381,31.0,69.696,8.0,44.8,HARD,2024,2
382,32.0,69.576,9.0,44.8,HARD,2024,2
383,33.0,69.455,10.0,44.3,HARD,2024,2
384,34.0,69.482,11.0,44.2,HARD,2024,2
385,35.0,69.958,12.0,44.3,HARD,2024,2
386,36.0,69.907,13.0,45.0,HARD,2024,2
387,37.0,70.12,14.0,46.0,HARD,2024,2
388,38.0,70.143,15.0,46.3,HARD,2024,2
389,39.0,70.258,16.0,47.3,HARD,2024,2
390,40.0,70.217,17.0,48.0,HARD,2024,2
391,41.0,71.114,18.0,48.0,HARD,2024,2
392,42.0,70.628,19.0,47.8,HARD,2024,2
393,43.0,70.904,20.0,48.0,HARD,2024,2
394,44.0,70.479,21.0,47.6,HARD,2024,2
395,45.0,70.349,22.0,46.2,HARD,2024,2
396,46.0,70.288,23.0,45.8,HARD,2024,2
397,47.0,70.658,24.0,44.6,HARD,2024,2
398,48.0,70.36,25.0,44.1,HARD,2024,2
399,49.0,70.543,26.0,44.9,HARD,2024,2
400,50.0,70.738,27.0,45.2,HARD,2024,2
401,51.0,73.86,28.0,45.5,HARD,2024,2
402,52.0,91.585,4.0,44.7,MEDIUM,2024,3
403,53.0,68.772,5.0,44.5,MEDIUM,2024,3
404,54.0,68.789,6.0,44.0,MEDIUM,2024,3
405,55.0,69.213,7.0,43.9,MEDIUM,2024,3
406,56.0,68.623,8.0,43.8,MEDIUM,2024,3
407,57.0,68.975,9.0,43.7,MEDIUM,2024,3
408,58.0,69.183,10.0,43.8,MEDIUM,2024,3
409,59.0,70.646,11.0,45.0,MEDIUM,2024,3
410,60.0,69.399,12.0,45.9,MEDIUM,2024,3
411,61.0,70.003,13.0,45.9,MEDIUM,2024,3
412,62.0,69.528,14.0,45.5,MEDIUM,2024,3
413,63.0,70.412,15.0,46.2,MEDIUM,2024,3
414,64.0,98.003,16.0,46.2,MEDIUM,2024,3
415,65.0,93.697,4.0,46.2,SOFT,2024,4
416,66.0,83.719,5.0,46.5,SOFT,2024,4
417,67.0,71.691,6.0,46.0,SOFT,2024,4
418,68.0,67.719,7.0,45.7,SOFT,2024,4
419,69.0,68.321,8.0,44.3,SOFT,2024,4
420,70.0,68.072,9.0,43.8,SOFT,2024,4
421,71.0,68.518,10.0,43.8,SOFT,2024,4
