LapNumber,LapTime,Year,LapTime_Zscore
1.0,75.229,2018,0.6027448049007404
2.0,69.911,2018,-0.1447192814913241
3.0,69.816,2018,-0.1580718742343187
4.0,69.706,2018,-0.17353277109462834
5.0,69.728,2018,-0.17044059172256762
6.0,69.617,2018,-0.18604204219069692
7.0,69.405,2018,-0.21583940704874888
8.0,69.401,2018,-0.21640162148003353
9.0,69.263,2018,-0.23579801935932992
10.0,69.32,2018,-0.22778646371353478
11.0,69.299,2018,-0.23073808947777383
12.0,69.306,2018,-0.22975421422302814
13.0,69.785,2018,-0.16242903607677045
14.0,69.133,2018,-0.254069988376061
15.0,87.553,2018,2.3349274676867138
16.0,93.857,2018,3.2209774113902823
17.0,68.687,2018,-0.3167568974642256
18.0,68.682,2018,-0.31745966550332994
19.0,68.736,2018,-0.30986977068099575
20.0,69.037,2018,-0.26756313472687526
21.0,68.445,2018,-0.3507708705569076
22.0,68.557,2018,-0.33502886648095465
23.0,68.451,2018,-0.34992754890998157
24.0,68.429,2018,-0.3530197282820423
25.0,68.365,2018,-0.36201515918258714
26.0,68.509,2018,-0.34177543965636276
27.0,68.351,2018,-0.3639829096920805
28.0,68.461,2018,-0.34852201283177087
29.0,68.784,2018,-0.30312319750558764
30.0,68.376,2018,-0.36046906949655483
31.0,68.302,2018,-0.37087003647530836
32.0,68.417,2018,-0.35470637157589435
33.0,68.475,2018,-0.34655426232227754
34.0,68.689,2018,-0.31647579024858424
35.0,68.594,2018,-0.32982838299157885
36.0,68.428,2018,-0.353160281889864
37.0,68.912,2018,-0.2851323357044999
38.0,68.815,2018,-0.29876603566313786
39.0,68.566,2018,-0.3337638840105656
40.0,68.719,2018,-0.31225918201395414
41.0,68.713,2018,-0.31310250366088016
42.0,68.471,2018,-0.3471164767535602
43.0,68.558,2018,-0.334888312873133
44.0,68.873,2018,-0.29061392640951905
45.0,68.371,2018,-0.3611718375356611
46.0,68.134,2018,-0.39448304258923683
47.0,68.181,2018,-0.38787702302165034
48.0,68.384,2018,-0.35934464063398747
49.0,68.203,2018,-0.38478484364958765
50.0,68.265,2018,-0.3760705199646861
51.0,68.037,2018,-0.4081167425478728
52.0,67.999,2018,-0.4134577796450722
53.0,68.212,2018,-0.3835198611791986
54.0,68.415,2018,-0.3549874787915357
55.0,68.291,2018,-0.37241612616134073
56.0,68.087,2018,-0.4010890621568233
57.0,68.055,2018,-0.4055867776070947
58.0,67.941,2018,-0.42160988889868906
59.0,67.825,2018,-0.43791410740592474
60.0,67.703,2018,-0.4550616475600864
61.0,67.925,2018,-0.4238587466238258
62.0,67.861,2018,-0.4328541775243686
63.0,67.828,2018,-0.4374924465824617
64.0,68.359,2018,-0.36285848082951316
65.0,68.042,2018,-0.40741397450876843
66.0,67.634,2018,-0.46475984649973556
67.0,67.558,2018,-0.4754419206941305
68.0,67.469,2018,-0.4879511917902011
69.0,67.449,2018,-0.4907622639466204
70.0,67.442,2018,-0.4917461392013681
71.0,67.623,2018,-0.46630593618576593
1.0,76.629,2019,0.7995198558501377
2.0,71.495,2019,0.07791763329713644
3.0,70.999,2019,0.008203043817920355
4.0,71.1,2019,0.022398958207840977
5.0,70.839,2019,-0.01428553343343877
6.0,70.436,2019,-0.07092863738529959
7.0,69.743,2019,-0.16833228760525257
8.0,70.574,2019,-0.05153223950600319
9.0,69.944,2019,-0.14008101243323098
10.0,69.871,2019,-0.15034142580416487
11.0,69.612,2019,-0.18674481022980327
12.0,69.564,2019,-0.1934913834052114
13.0,69.744,2019,-0.1681917339974309
14.0,69.7,2019,-0.17437609274155436
15.0,69.614,2019,-0.18646370301415993
16.0,69.252,2019,-0.2373441090453623
17.0,69.304,2019,-0.23003532143866948
18.0,69.217,2019,-0.24226348531909672
19.0,69.234,2019,-0.23987407398614036
20.0,69.273,2019,-0.23439248328112125
21.0,69.346,2019,-0.22413206991018736
22.0,69.187,2019,-0.24648009355372683
23.0,69.41,2019,-0.21513663900964453
24.0,69.16,2019,-0.2502750409648939
25.0,69.266,2019,-0.23537635853586694
26.0,69.229,2019,-0.2405768420252447
27.0,69.144,2019,-0.2525238986900286
28.0,69.148,2019,-0.25196168425874593
29.0,69.35,2019,-0.22356985547890468
30.0,69.468,2019,-0.2069845297560257
31.0,72.701,2019,0.2474252843292579
32.0,85.521,2019,2.049322536594447
33.0,68.783,2019,-0.3032637511134093
34.0,68.717,2019,-0.3125402892295955
35.0,68.709,2019,-0.31366471809216284
36.0,68.655,2019,-0.32125461291449703
37.0,68.617,2019,-0.32659565001169444
38.0,68.502,2019,-0.34275931491111045
39.0,68.373,2019,-0.36089073032001784
40.0,68.512,2019,-0.34135377883289975
41.0,68.646,2019,-0.32251959538488606
42.0,68.659,2019,-0.32069239848321235
43.0,68.317,2019,-0.3687617323579953
44.0,68.165,2019,-0.39012588074678506
45.0,68.265,2019,-0.3760705199646861
46.0,68.432,2019,-0.3525980674585793
47.0,68.751,2019,-0.30776146656368075
48.0,69.022,2019,-0.2696714388441903
49.0,68.927,2019,-0.2830240315871849
50.0,67.844,2019,-0.435243588857327
51.0,68.236,2019,-0.38014657459149453
52.0,68.413,2019,-0.35526858600717903
53.0,68.474,2019,-0.3466948159300972
54.0,68.283,2019,-0.3735405550239081
55.0,69.005,2019,-0.27206085017714865
56.0,67.93,2019,-0.4231559785847194
57.0,68.279,2019,-0.3741027694551927
58.0,67.766,2019,-0.4462067702673632
59.0,68.079,2019,-0.40221349101939263
60.0,67.475,2019,-0.48710787014327506
61.0,67.75,2019,-0.44845562799249994
62.0,67.784,2019,-0.44367680532658516
63.0,67.874,2019,-0.4310269806226969
64.0,67.592,2019,-0.4706630980282177
65.0,67.605,2019,-0.468835901126544
66.0,67.911,2019,-0.4258264971333191
67.0,68.981,2019,-0.27543413676485273
68.0,69.276,2019,-0.23397082245765824
69.0,68.176,2019,-0.3885797910607547
70.0,67.944,2019,-0.42118822807522605
71.0,68.019,2019,-0.41064670748865084
1.0,73.501,2020,0.3598681705860575
2.0,69.859,2020,-0.1520280690980169
3.0,69.38,2020,-0.2193532472442746
4.0,69.428,2020,-0.21260667406886646
5.0,69.351,2020,-0.223429301871083
6.0,69.469,2020,-0.20684397614820602
7.0,69.577,2020,-0.1916641865035377
8.0,69.538,2020,-0.1971457772085568
9.0,69.459,2020,-0.20824951222641472
10.0,138.665,2020,9.518903470633537
1.0,87.835,2021,2.3745635850922344
2.0,112.329,2021,5.8172836550597475
3.0,116.564,2021,6.412528184181672
4.0,69.799,2021,-0.16046128556727507
5.0,69.735,2021,-0.16945671646781993
6.0,69.451,2021,-0.20937394108898408
7.0,69.282,2021,-0.23312750081073222
8.0,69.327,2021,-0.2268025884587871
9.0,69.218,2021,-0.24212293171127505
10.0,69.091,2021,-0.2599732399045431
11.0,69.132,2021,-0.25421054198388066
12.0,69.145,2021,-0.25238334508220894
13.0,69.126,2021,-0.2550538636308067
14.0,69.1,2021,-0.25870825743415404
15.0,69.074,2021,-0.26236265123749947
16.0,69.07,2021,-0.26292486566878415
17.0,69.071,2021,-0.2627843120609625
18.0,69.206,2021,-0.2438095750051271
19.0,69.274,2021,-0.23425192967329958
20.0,69.355,2021,-0.22286708743979833
21.0,69.252,2021,-0.2373441090453623
22.0,69.328,2021,-0.22666203485096542
23.0,69.494,2021,-0.2033301359526803
24.0,69.5,2021,-0.20248681430575427
25.0,68.882,2021,-0.28934894393913
26.0,69.611,2021,-0.18688536383762294
27.0,69.323,2021,-0.22736480289007177
28.0,69.304,2021,-0.23003532143866948
29.0,69.498,2021,-0.2027679215213956
30.0,69.515,2021,-0.20037851018843922
31.0,69.63,2021,-0.1842148452890252
32.0,73.134,2021,0.3082849965157508
33.0,85.451,2021,2.0394837840469764
34.0,68.473,2021,-0.3468353695379189
35.0,68.728,2021,-0.3109941995435651
36.0,68.769,2021,-0.3052315016229027
37.0,68.904,2021,-0.2862567645670693
38.0,68.714,2021,-0.3129619500530585
39.0,68.641,2021,-0.32322236342399036
40.0,69.147,2021,-0.2521022378665656
41.0,68.887,2021,-0.28864617590002567
42.0,68.822,2021,-0.2977821604083902
43.0,68.887,2021,-0.28864617590002567
44.0,68.88,2021,-0.28963005115477336
45.0,69.429,2021,-0.2124661204610448
46.0,68.833,2021,-0.29623607072235986
47.0,68.81,2021,-0.2994688037022422
48.0,68.86,2021,-0.29244112331119276
49.0,68.769,2021,-0.3052315016229027
50.0,68.61,2021,-0.32757952526644213
51.0,68.439,2021,-0.3516141922038336
52.0,68.489,2021,-0.34458651181278216
53.0,68.173,2021,-0.3890014518842177
54.0,68.237,2021,-0.38000602098367486
55.0,68.147,2021,-0.3926558456875631
56.0,68.012,2021,-0.41163058274339853
57.0,67.992,2021,-0.4144416548998179
58.0,67.835,2021,-0.43650857132771603
59.0,68.106,2021,-0.3984185436082256
60.0,71.722,2021,0.10982330227250142
61.0,85.09,2021,1.9887439316235975
62.0,66.2,2021,-0.6663137201150456
63.0,68.549,2021,-0.33615329534352195
64.0,68.172,2021,-0.38914200549203937
65.0,67.947,2021,-0.42076656725176304
66.0,67.95,2021,-0.4203449064283
67.0,67.78,2021,-0.44423901975786984
68.0,67.975,2021,-0.41683106623277627
69.0,67.86,2021,-0.4329947311321903
70.0,67.862,2021,-0.43271362391654894
71.0,67.737,2021,-0.45028282489417365
1.0,72.722,2022,0.25037691009349894
2.0,70.373,2022,-0.07978351467802276
3.0,70.165,2022,-0.10901866510479002
4.0,70.128,2022,-0.1142191485941678
5.0,70.26,2022,-0.09566607236179542
6.0,70.357,2022,-0.08203237240315948
7.0,70.559,2022,-0.053640543623318236
8.0,70.763,2022,-0.024967607627833656
9.0,70.847,2022,-0.013161104570871413
10.0,71.396,2022,0.06400282612285715
11.0,70.918,2022,-0.003181798415578879
12.0,71.912,2022,0.13652848775849263
13.0,74.194,2022,0.4572718208060085
14.0,87.886,2022,2.3817318190911054
15.0,70.365,2022,-0.08090794354059212
16.0,70.024,2022,-0.12883672380755143
17.0,70.361,2022,-0.0814701579718748
18.0,70.46,2022,-0.06755535079759752
19.0,69.895,2022,-0.1469681392164608
20.0,69.895,2022,-0.1469681392164608
21.0,69.936,2022,-0.14120544129579835
22.0,69.846,2022,-0.1538552659996886
23.0,70.103,2022,-0.11773298878969354
24.0,70.457,2022,-0.06797701162106053
25.0,70.715,2022,-0.031714180803241794
26.0,70.312,2022,-0.08835728475510461
27.0,70.355,2022,-0.08231347961880082
28.0,70.572,2022,-0.05181334672164453
29.0,70.485,2022,-0.06404151060207178
30.0,70.609,2022,-0.04661286323226876
31.0,70.897,2022,-0.006133424179819939
32.0,71.073,2022,0.018604010796673898
33.0,71.636,2022,0.09773569199989585
34.0,71.19,2022,0.03504878291173123
35.0,71.173,2022,0.03265937157877485
36.0,74.594,2022,0.5134932639344063
37.0,86.913,2022,2.244973158681275
38.0,69.226,2022,-0.24099850284870772
39.0,69.636,2022,-0.18337152364209922
40.0,69.809,2022,-0.15905574948906637
41.0,69.971,2022,-0.13628606502206392
42.0,69.84,2022,-0.15469858764661462
43.0,69.863,2022,-0.15146585466673224
44.0,69.642,2022,-0.1825282019951732
45.0,69.766,2022,-0.16509955462536816
46.0,70.104,2022,-0.11759243518187187
47.0,69.989,2022,-0.13375610008128586
48.0,70.17,2022,-0.10831589706568569
49.0,70.244,2022,-0.09791493008693214
50.0,70.347,2022,-0.08343790848137017
51.0,70.232,2022,-0.09960157338078417
52.0,70.193,2022,-0.10508316408580329
53.0,70.828,2022,-0.015831623119469136
54.0,70.265,2022,-0.09496330432269108
55.0,70.109,2022,-0.11688966714276752
56.0,69.733,2022,-0.16973782368346127
57.0,69.843,2022,-0.1542769268231516
58.0,84.577,2022,1.916639930811425
59.0,106.133,2022,4.946413501000848
60.0,69.218,2022,-0.24212293171127505
61.0,67.804,2022,-0.44086573317016575
62.0,67.275,2022,-0.515218591707473
63.0,67.938,2022,-0.42203154972215207
64.0,68.7,2022,-0.3149297005625519
65.0,68.58,2022,-0.33179613350107223
66.0,68.445,2022,-0.3507708705569076
67.0,68.537,2022,-0.337839938637374
68.0,68.9,2022,-0.28681897899835196
69.0,68.873,2022,-0.29061392640951905
70.0,68.169,2022,-0.3895636663155024
71.0,68.539,2022,-0.33755883142173265
1.0,77.639,2023,0.941478999749344
2.0,115.479,2023,6.260027519695891
3.0,124.721,2023,7.55902396317755
4.0,69.691,2023,-0.1756410752119434
5.0,70.026,2023,-0.1285556165919101
6.0,70.156,2023,-0.11028364757517906
7.0,70.168,2023,-0.10859700428132701
8.0,69.967,2023,-0.1368482794533486
9.0,69.989,2023,-0.13375610008128586
10.0,69.856,2023,-0.1524497299214799
11.0,70.051,2023,-0.12504177639638436
12.0,69.833,2023,-0.1556824629013623
13.0,70.196,2023,-0.10466150326234028
14.0,73.573,2023,0.3699880303491677
15.0,93.592,2023,3.1837307053177177
16.0,79.611,2023,1.2186507143723522
17.0,69.924,2023,-0.1428920845896504
18.0,70.002,2023,-0.13192890317961417
19.0,69.942,2023,-0.14036211964887432
20.0,70.16,2023,-0.10972143314389637
21.0,70.142,2023,-0.11225139808467442
22.0,70.337,2023,-0.08484344455957887
23.0,70.396,2023,-0.07655078169814036
24.0,73.519,2023,0.36239813552683553
25.0,86.769,2023,2.224733439155053
26.0,68.929,2023,-0.2827429243715436
27.0,69.245,2023,-0.238327984300108
28.0,69.251,2023,-0.23748466265318197
29.0,69.289,2023,-0.23214362555598453
30.0,69.373,2023,-0.2203371224990203
31.0,69.576,2023,-0.19180474011135937
32.0,69.603,2023,-0.1880097927001923
33.0,69.631,2023,-0.18407429168120354
34.0,69.779,2023,-0.16327235772369647
35.0,69.265,2023,-0.2355169121436886
36.0,69.367,2023,-0.22118044414594631
37.0,69.707,2023,-0.17339221748680866
38.0,69.568,2023,-0.19292916897392673
39.0,69.386,2023,-0.21850992559734858
40.0,69.431,2023,-0.21218501324540345
41.0,69.527,2023,-0.19869186689458718
42.0,69.511,2023,-0.2009407246197239
43.0,69.592,2023,-0.18955588238622267
44.0,69.678,2023,-0.1774682721136171
45.0,69.651,2023,-0.18126321952478416
46.0,69.563,2023,-0.19363193701303108
47.0,69.451,2023,-0.20937394108898408
48.0,69.419,2023,-0.2138716565392555
49.0,73.176,2023,0.3141882480442329
50.0,86.268,2023,2.154316081636732
51.0,68.15,2023,-0.3922341848641001
52.0,68.342,2023,-0.36524789216246956
53.0,68.235,2023,-0.3802871281993162
54.0,68.25,2023,-0.37817882408200115
55.0,68.273,2023,-0.37494609110211874
56.0,68.35,2023,-0.3641234632999022
57.0,68.412,2023,-0.3554091396149987
58.0,68.489,2023,-0.34458651181278216
59.0,68.609,2023,-0.3277200788742638
60.0,68.535,2023,-0.33812104585301733
61.0,68.485,2023,-0.34514872624406684
62.0,68.567,2023,-0.33362333040274594
63.0,68.624,2023,-0.32561177475694875
64.0,68.692,2023,-0.31605412942512123
65.0,68.878,2023,-0.2899111583704147
66.0,68.601,2023,-0.32884450773683116
67.0,68.854,2023,-0.2932844449581188
68.0,69.216,2023,-0.2424040389269184
69.0,72.228,2023,0.1809434278299262
70.0,87.83,2023,2.37386081705313
71.0,67.012,2023,-0.552184190564396
1.0,72.05,2024,0.15592488563778903
2.0,69.938,2024,-0.140924334080157
3.0,69.857,2024,-0.15230917631365823
4.0,69.903,2024,-0.14584371035389143
5.0,70.005,2024,-0.13150724235615116
6.0,70.238,2024,-0.09875825173385815
7.0,70.22,2024,-0.10128821667463621
8.0,70.331,2024,-0.0856867662065049
9.0,70.6,2024,-0.04787784570265779
10.0,70.596,2024,-0.04844006013394046
11.0,70.562,2024,-0.053218882799855226
12.0,70.512,2024,-0.060246563190904705
13.0,70.955,2024,0.0020186850737968945
14.0,70.707,2024,-0.03283860966581115
15.0,71.028,2024,0.012279098444730768
16.0,70.957,2024,0.0022997922894382344
17.0,70.981,2024,0.005673078877142303
18.0,71.364,2024,0.05950511067258573
19.0,71.515,2024,0.08072870545355583
20.0,71.548,2024,0.08536697451164892
21.0,71.3,2024,0.05050967977204088
22.0,71.549,2024,0.08550752811947059
23.0,74.679,2024,0.5254403205991922
24.0,87.394,2024,2.312579444043176
25.0,69.766,2024,-0.16509955462536816
26.0,69.506,2024,-0.20164349265882825
27.0,69.451,2024,-0.20937394108898408
28.0,69.581,2024,-0.19110197207225302
29.0,69.696,2024,-0.17493830717283904
30.0,69.661,2024,-0.17985768344657346
31.0,69.696,2024,-0.17493830717283904
32.0,69.576,2024,-0.19180474011135937
33.0,69.455,2024,-0.2088117266576994
34.0,69.482,2024,-0.2050167792465323
35.0,69.958,2024,-0.13811326192373763
36.0,69.907,2024,-0.14528149592260878
37.0,70.12,2024,-0.11534357745673515
38.0,70.143,2024,-0.11211084447685275
39.0,70.258,2024,-0.09594717957743876
40.0,70.217,2024,-0.10170987749809922
41.0,71.114,2024,0.024366708717336347
42.0,70.628,2024,-0.04394234468366904
43.0,70.904,2024,-0.005149548925074251
44.0,70.479,2024,-0.0648848322489978
45.0,70.349,2024,-0.08315680126572683
46.0,70.288,2024,-0.09173057134280868
47.0,70.658,2024,-0.039725736449038956
48.0,70.36,2024,-0.08161071157969647
49.0,70.543,2024,-0.05588940134845295
50.0,70.738,2024,-0.02848144782335939
51.0,73.86,2024,0.4103269157937949
52.0,91.585,2024,2.9016396144209753
53.0,68.772,2024,-0.3048098407994397
54.0,68.789,2024,-0.3024204294664833
55.0,69.213,2024,-0.2428256997503814
56.0,68.623,2024,-0.3257523283647684
57.0,68.975,2024,-0.27627745841177875
58.0,69.183,2024,-0.2470423079850095
59.0,70.646,2024,-0.04141237974289099
60.0,69.399,2024,-0.21668272869567487
61.0,70.003,2024,-0.1317883495717925
62.0,69.528,2024,-0.1985513132867655
63.0,70.412,2024,-0.07430192397300366
64.0,98.003,2024,3.803712669416138
65.0,93.697,2024,3.198488834138923
66.0,83.719,2024,1.7960449353010086
67.0,71.691,2024,0.10546614043005166
68.0,67.719,2024,-0.45281278983495166
69.0,68.321,2024,-0.36819951792671063
70.0,68.072,2024,-0.4031973662741383
71.0,68.518,2024,-0.3405104571859737
